{"1girl": 0.9625403881072998, "blue eyes": 0.9304031133651733, "solo": 0.9040846824645996, "blonde hair": 0.7319707274436951}